{"HiddenLayer":[0.9827011289651059,0.9998568848822952,0.6077866496169696,0.575888654360674,1],"InputLayer":[9,10,11,1],"OutputLayer":[9.997442315423234,10.995746069219543,11.995443833677006],"WeightHidden":[[2.098112078723194,-0.5305635975486209,-0.8123383127558147,-0.6019874997765426],[0.33336019063271977,0.43624603631259246,0.26915162802780634,-1.4716518798422518],[1.2312350592198966,0.4444951991958622,-1.1671948753235677,-2.248905934144439],[2.074016390171164,0.034635617740811364,-1.5730827399174334,-1.4026752446455422],[0.5617117252298123,0.015993903022534006,-0.4965542081175325,0.6715415931449413]],"WeightOutput":[[3.345814683146954,2.871070608276582,3.1890058355195765,3.952353376374022,-0.3755039055391547],[3.3116197777082306,2.877509824456345,3.808350563454476,3.350246590227929,0.6202819355116779],[3.3055269618335177,2.8786571578987377,3.9187048206686383,3.2429637731604872,1.6195310606599933]],"ErrOutput":[0.009452304687535662,0.010441453717717764,0.0106176993553877],"ErrHidden":[0.1013008831926472,0.08774836218540225,0.11151580206987476,0.10677310852742058,0],"LastChangeHidden":[[3.541867985381795e-06,5.302144170123145e-06,7.062420354864496e-06,1.7602761847413502e-06],[2.485010604826804e-06,3.727408643597072e-06,4.969806682367341e-06,1.2423980387702685e-06],[1.1265088942743305e-06,1.6055410842495781e-06,2.084573274224826e-06,4.790321899752477e-07],[8.527811444696292e-07,1.199763808109441e-06,1.5467464717492526e-06,3.4698266363981176e-07],[0,0,0,0]],"LastChangeOutput":[[2.199383071225672e-07,7.930834771776621e-07,4.436384490285405e-08,3.3370400682682233e-08,9.544680240157927e-07],[2.4335242619472687e-07,8.764901935007713e-07,4.9204005574384556e-08,3.704366036064776e-08,1.0547632128348374e-06],[2.475243317624426e-07,8.913515232455711e-07,5.0066420820148057e-08,3.769815829220307e-08,1.0726337146189297e-06]],"Regression":true,"Rate1":0.0001,"Rate2":0.01}
:true,"Rate1":0.0001,"Rate2":0.01}
51,0,6.164677292748968e-33,0,10.211651394903859,10.211651394903859]],"Regression":true,"Rate1":0.25,"Rate2":0.1}
729925341338e-45,1.4425967750739148],[3.419305013482854e-39,1.2250414137954792e-38,0.012978951643633363,3.647858289384444e-132,6.683921168305622e-37,2.8619264305280997e-47,0.012978951643633363],[1.7096525067338727e-39,6.125207068950329e-39,0.006489475821608291,1.8239291446841625e-132,3.3419605841380444e-37,1.4309632152577272e-47,0.006489475821608291]],"Regression":true,"Rate1":0.001,"Rate2":0.001}
