{"HiddenLayer":[0.9812857992106812,0.7903768644937436,0.0006866666708104204,0.9961372224065922,1],"InputLayer":[14,15,16,1],"OutputLayer":[209.71576524264322,239.7424359040121,16.971568308068594],"WeightHidden":[[5.274685090318536,0.6297195575980669,-4.737435928090098,-3.5328286634460007],[8.232295324777755,0.9521271062607818,-7.5373365566635355,-7.60945768448813],[-4.525129023142479,0.24237799516009081,3.1090361242978632,2.6885837315477135],[1.5192500157490818,-0.15276318019554483,-0.7690064385661858,-1.1214509873845555],[-0.0008557912151991864,0.14717861073618366,-0.25658042581410334,0.05132016885930013]],"WeightOutput":[[67.14740645063084,65.88798776743916,-34.91532775277932,61.21074705878233,30.798299294681136],[72.68064989719248,70.63712828849391,-36.91673306811216,77.3193827517647,35.59662862664976],[3.0403235765538263,2.165985835085766,-0.7166213183587624,8.241164053185354,4.067358675155741]],"ErrOutput":[0.23284239148448194,0.5398788282581393,0.12301775647603641],"ErrHidden":[55.2475206052766,53.74346141184336,-28.148487993529272,57.00936432058171,0],"LastChangeHidden":[[1.9227135746877834e-05,2.1630527714939195e-05,2.4033919683000557e-05,2.4033919680613627e-06],[8.274136665116054e-08,9.30840374824512e-08,1.0342670831374187e-07,1.034267083129067e-08],[-5.547809535682585e-05,-6.24128572726784e-05,-6.934761918853093e-05,-6.934761915852541e-06],[4.9019369042018074e-05,5.5146789670390354e-05,6.127421029876264e-05,6.1274206283722785e-06],[0,0,0,0]],"LastChangeOutput":[[1.0612903873080824e-08,4.481802576262483e-11,1.0238016278697953e-07,2.043231481817679e-07,2.328424160704664e-07],[2.4607555638078226e-08,1.0391708776834972e-10,2.373831199807405e-07,4.7375279653947576e-07,5.39878760406453e-07],[5.6071216839732285e-09,2.3678733683974353e-11,5.409051219551406e-08,1.0795015235541905e-07,1.230177103403793e-07]],"Regression":true,"Rate1":1e-06,"Rate2":1e-07}
e2":1e-07}
0.0001}
e2":0.01}
e2":0.01}
51,0,6.164677292748968e-33,0,10.211651394903859,10.211651394903859]],"Regression":true,"Rate1":0.25,"Rate2":0.1}
729925341338e-45,1.4425967750739148],[3.419305013482854e-39,1.2250414137954792e-38,0.012978951643633363,3.647858289384444e-132,6.683921168305622e-37,2.8619264305280997e-47,0.012978951643633363],[1.7096525067338727e-39,6.125207068950329e-39,0.006489475821608291,1.8239291446841625e-132,3.3419605841380444e-37,1.4309632152577272e-47,0.006489475821608291]],"Regression":true,"Rate1":0.001,"Rate2":0.001}
