{"HiddenLayer":[6.823455120738764e-08,0.9888292114013849,0.6823265810439714,1],"InputLayer":[13,14,1],"OutputLayer":[26.94484776563256],"WeightHidden":[[-0.7902925099659726,-0.5134743976566913,0.9621294805464476],[0.053485613414191384,0.4754842419482823,-2.868872943404539],[0.8615476652975369,-0.3640360884124259,-5.3391298806859915],[-0.13678599465995933,0.4663266768255716,-0.05178158523531551]],"WeightOutput":[[-4.453714132151468,14.323568130272317,15.163455284742517,2.4348568895670586]],"ErrOutput":[0.09323646112887296],"ErrHidden":[-0.415248454588824,1.3354789871838355,1.413786918317005,0],"LastChangeHidden":[[-7.705998229948652e-06,-1.1558984918855172e-05,-3.852986737179442e-06],[4.421397074438197e-05,6.625482389562317e-05,2.2040853190702152e-05],[3.8085133884343677e-06,5.179974956155014e-06,1.3714615716222018e-06],[0,0,0]],"LastChangeOutput":[[9.649940321215493e-07,1.973250967640411e-06,9.74050929414111e-08,9.356014821385252e-06]],"Regression":true,"Rate1":0.0001,"Rate2":0.01}
