{"HiddenLayer":[3.862309860435553e-10,0.6852471469113472,4.544071765842502e-34,0.9999999999976781,0.877818746085755,4.1846309993541396e-38,1,1.1491503854519446e-11,2.8083184408855414e-20,1.3087380355528633e-27,6.909411986171645e-22,2.725915504108063e-07,1,1.1199979521527719e-30,0.9999999999999993,1.3753685300228376e-05,1,0.9999999773910119,1,1.4316889964872427e-23,0.031000936464860962,7.281157737691045e-11,5.121098121791674e-11,8.163583142635023e-39,1,1,1,0.02974326099923221,1.8843018770881337e-12,0.9762227590008966,4.926595319282266e-06,0.999999999999978,1,1.6369380595610018e-08,2.9077875854512783e-16,2.7618506579733673e-31,2.0598137308426648e-29,0.9999994263337932,0.9999999999999998,1.8942724217880815e-25,0.9999997624640904,1,1,1,1,1.3682022190252688e-26,5.623680557764596e-28,0.9999999999999962,4.165572455892428e-29,1,1],"InputLayer":[0,0,85,1],"OutputLayer":[74.81694022770995,73.07075447230072,152.0883296981308],"WeightHidden":[[0.4496546937638781,0.0652219591868658,0.13705688347721526,-33.32442061134971],[0.9021286393153802,0.8001227344587016,-0.01485771717006213,2.0399667930399525],[0.007518736685164562,-0.7996435114452278,-0.9143760932001082,0.9478982350450591],[0.8953597868027006,0.6707387594676704,0.3192138757984478,-0.34453496306137543],[-0.06654850679886626,-0.6284666981572296,-0.07816921038738057,8.617450991207873],[-0.6465926230925922,0.42957088478433664,-1.005999266789586,-0.5568773288022207],[0.648089912024437,-0.7919229674378641,0.6231814944175226,-1.3004887850939801],[-0.19576469339045466,-0.8600153148830436,-0.30568879612193534,0.7941345215137559],[-0.9493214423827986,-0.1595502148665925,-0.5381154449511596,0.720696845575133],[0.8878390981321251,-0.6557191786724663,-0.7184533000729231,-0.8322036633688825],[0.9920414509726101,0.49946531602827504,-0.3972723227401632,-14.955840074864213],[-0.11579824427254937,-0.5515868927142291,-0.18738473654288423,0.8124115643509493],[-0.40182890067611343,0.7540010345858952,0.570401948298344,-0.26063947954939914],[0.07758129935747426,0.5970416830739302,-0.8047034462694822,-0.5644330000450916],[-0.04456740457158359,-0.6709487259079228,0.4092594286142886,0.28012614273191555],[0.7994801605358077,-0.08665027520416155,-0.34641118514387753,18.250760269603415],[-0.4581848593560658,-0.1829648079116895,0.8433338490200076,0.4437483798847783],[0.5175369099301061,0.8494516000649357,0.21447142049325435,-0.6251524637880312],[-0.4291893476957509,0.42299837772983473,0.43682445113536494,0.9849691054417864],[-0.6263833280418017,0.3708472578896292,-0.6208338341822042,0.17027363035149898],[0.351872138562793,0.6001752048252662,0.10967186611568189,-12.764939854586629],[0.3832235396620285,1.0112963353091895,-0.27465765916130075,0.0027548853162570426],[0.9109741579660764,0.37792894231262075,-0.4453561252380109,14.160203515315912],[0.6327182673614453,0.43387628816999146,-1.021304120930015,-0.8902851645043078],[0.6645135440711878,-0.5266145248268004,0.8842600724330869,-0.4708710847921475],[0.13559237224556364,-0.5274209575952121,0.8915693522821377,-0.9685940498498906],[-0.15052729852126134,-0.8693568964278819,0.6877231941390125,-0.1594913630598022],[0.987063793396425,0.349170624991208,0.11038510760521333,-12.868214345575408],[-0.35675999231493005,-0.9471873567880172,-0.31503881857032345,-0.21916414213070928],[0.8070604157274284,0.5413006426462698,-0.04117696758467412,7.214917290822138],[-0.2670807863943617,-0.4911626525879451,-0.1378672424835951,-0.5021418818634464],[0.08449580681382485,-0.9135723788199056,0.36360818913997606,0.5420940249156851],[-0.5591134406051959,-0.044792130159901716,0.5871092021193274,4.4888257713461215],[0.23290160204206622,0.11852099367438997,0.038381474380716075,-21.19027866356107],[0.15504737646396705,-0.5678107032787201,-0.4091061037433932,-0.9999501576059033],[0.9319649285490785,0.6146861328408071,-0.8371358988126308,0.7923144995348579],[0.3774054423530142,0.5806699973595806,-0.7862018235851695,0.7748028647042251],[-0.8603874615926266,-0.9059771587329085,0.18062123739962202,-0.9815876206271572],[-0.5707030234996466,0.729101382516995,0.4143617695620023,0.7112056429434239],[-0.16324637192174662,-0.2920636057212825,-0.6629392962537604,-0.5759523247593422],[-0.23923085443872216,0.5149241019318795,0.17553838365533694,0.332184178455668],[0.141438237932066,0.880815917010592,0.49006307168962904,0.6548536497157567],[-0.47962564855696577,-0.7923120015955669,0.6215896443361243,-1.1129975852267922],[-0.6598643250401377,-0.1938740672688315,0.5657324823509902,0.4386397190074602],[0.6778522403268479,0.8563664567554434,0.4714852288347373,0.5676962263662251],[-0.09566598062073439,-0.8521308610217206,-0.7045324476745916,0.33154326369591924],[-0.04286282531414021,-0.14806796236855854,-0.9517727094922719,18.155284056076535],[0.8640221534507431,0.7899942049302435,0.3986846697561816,-0.6809602012086218],[0.9785105505205189,-0.8772186988271838,-0.7606674851528203,-0.6913777482714585],[-0.5475102060770627,-0.5343491117703227,0.88017581883218,0.4132870423477668],[-0.4813073143506169,-0.8778138485154042,0.7956476800396235,-0.23383094922554293]],"WeightOutput":[[4.862045425479798,0.6599261068361059,-0.708547453324357,4.904183252828982,3.8026061268997067,8.030488322154206,4.222080519542372,-0.692014457763248,0.36004789004451565,-0.84762134365112,5.348605556546862,0.8454696330237884,4.76238464515661,2.5941638664038695,-4.114617455532137,-26.267308127757417,-3.683740496980599,5.2759739533161625,5.62084291318139,4.885940975067986,-2.2346432419588935,4.302688707397309,9.494565884825652,9.861049191107119,1.3648010787872664,3.2674092726905264,3.547070920933747,-0.8800437277267852,-0.6944890394020897,0.17471393770974342,-0.3795197789654167,7.3286160045751885,-0.8676623898048531,20.079956814929147,0.30365403335891394,2.5602267795512037,2.8555384675349673,1.38233356865279,4.996799620813482,0.9971011268127559,4.8824566834563505,4.513028075422994,3.2221858641641665,2.723007448259407,5.1346201663024225,0.06882479061742774,-13.021037221923219,5.146363608112934,-0.6011650208221535,1.9745115414014036,5.349340770884428],[12.480659136966585,7.727794397808377,-0.7693505150954585,5.529714017495556,3.1414756283755305,4.084004806957388,2.235064907675347,0.1537460743148884,0.4767483063207103,-0.22949485937117242,31.668243372547185,0.641176588500745,6.7456359696917705,5.734671984846996,-18.751159113973134,-6.926113946798328,-6.539260614810515,5.834248315231597,6.569311623711206,8.11240053589579,-1.4633286911419248,6.349453986941807,-6.291431131962293,4.955354598162413,4.389544249189684,3.694488632473752,2.254325487436072,-1.8278221506109535,0.48232771012110376,14.175663495577917,0.8068546464752758,4.883502457297844,-10.021731169390312,19.826661557602375,0.3053737604391322,8.073721167135583,8.287715551292697,-0.525161890178947,6.918176189619176,-0.55505181969571,7.073693554258246,6.857298961665798,0.9219566695322481,1.6512444411654261,6.441363773768673,-0.8609197047844457,-74.31852238510342,5.930576329256496,0.6774219795825525,2.734773894263659,6.451267728943067],[29.901500661486367,1.9403256909213658,0.13885634771393685,4.483149154741099,-11.195180572180142,-4.862358979993652,15.279479744425442,-0.17964655995234263,0.41817850256131467,-0.8654227586660534,22.385003038639333,0.8330741967510661,4.4016809635631535,-7.666171908673578,-4.125231762919902,5.046429884771286,10.194777404769523,3.193736208943731,4.747460755276617,-1.7647808309961415,27.051811538847,1.6730659537486618,-15.463318379789156,-3.0560054223135813,10.206985536473196,9.632553551797962,15.175130183705233,27.98339550894486,0.890823737901309,-5.12829637593125,0.6283884242234179,29.106464314362558,5.370534622209345,16.989363207039833,-0.8990420284735714,-8.467583246245606,-8.047756646428914,0.4748273403000992,4.127695397757428,-0.4785961450549459,3.874238756629811,3.934806108074303,16.183823906230792,5.6848199053977675,2.986842076305892,-0.4618596789131687,-11.71352700592561,3.896661180125211,-0.8742787158663937,10.891327235433609,4.1996406617092585]],